{"cameraMode":{"drawMode":0,"name":"Shaded","section":"Shading Mode"},"sceneLighting":false,"audioPlay":false,"sceneViewState":{"m_AlwaysRefresh":false,"showFog":true,"showSkybox":false,"showFlares":true,"showImageEffects":true,"showParticleSystems":true,"showVisualEffectGraphs":true,"m_FxEnabled":true},"in2DMode":false,"pivot":{"x":-1.7627607583999634,"y":3.4199037551879885,"z":2.593846559524536},"rotation":{"x":0.13051296770572663,"y":0.3902949094772339,"z":-0.05599670484662056,"w":0.9096712470054627},"size":0.4161040484905243,"orthographic":true}